name,category,parent_name,growth_form,current_seed,preferred_moisture_level,watering_amount,watering_pace,watering_notes,aliases,reference_url,ai_review,ai_review_reason,niwa_log_fit,household_gardening_relevance,source_quality,review_point,human_decision,human_note,planned_action
ローズマリー,herb,,shrub,true,0.25,light,土の表面が乾いてから（2〜3日後を目安に）,乾燥ぎみを好む。冬は更に乾かしぎみに。地植えは根付き後水やり不要。過湿・蒸れに注意。,マンネンロウ,https://www.hyponex.co.jp/garden_support/garden_support-100/,KEEP,anchor植物。鉢植え定番、水やり判断の代表例,high,high,high,,,,
ラベンダー,herb,,shrub,true,0.21,light,土の表面がしっかり乾いてから,高温多湿に弱い。日本の梅雨・夏場は過湿に特に注意。子分類（イングリッシュ・フレンチ・ラバンジン・レース）で管理差があるため詳しくは子レコードを参照。,,https://www.hyponex.co.jp/plantia/plantia-15070/,KEEP,anchor植物。子分類4種で管理差を表現済み,high,high,high,,,,
イングリッシュラベンダー,herb,ラベンダー,shrub,true,0.20,light,土の表面がしっかりと乾いてから,日本の高温多湿に非常に弱い。梅雨・台風時は雨の当たらない場所に移動推奨。開花中のみ例外的にやや多め。耐寒性は強い。,アングスティフォリア系ラベンダー,https://www.hyponex.co.jp/plantia/plantia-15070/,KEEP,高温多湿に非常に弱く日本での管理難度が高いため支援価値大,high,high,high,,,,
フレンチラベンダー,herb,ラベンダー,shrub,true,0.22,light,鉢: 表面が乾いたらたっぷり（夏は蒸れ防止で控えめ）,ストエカス系。イングリッシュより耐暑性が高く日本の夏でも育てやすいが、耐寒性はやや低い（-5℃程度）。過湿を嫌う点は他ラベンダーと共通。冬は鉢管理で必要に応じ室内へ。,ストエカス系ラベンダー; バタフライラベンダー,https://www.hyponex.co.jp/garden_support/garden_support-114/,KEEP,耐暑性で差別化された実用的な子分類,high,high,high,,,,
ラバンジン,herb,ラベンダー,shrub,true,0.23,light,鉢: 表面が乾いたらたっぷり（夏は控えめ）,イングリッシュとスパイカ（スパイクラベンダー）の交雑種。耐暑性・耐寒性ともにバランスがよく、日本の暖地でも栽培可能。過湿を嫌う点は共通。多肥不要。,ラバンダン; ラバンディン,https://www.kincho-engei.co.jp/cultivation/detail/5013/,KEEP,交雑種として耐暑耐寒バランスが他ラベンダーと異なる,high,high,high,,,,
レースラベンダー,herb,ラベンダー,shrub,true,0.22,light,鉢: 表面が乾いたらたっぷり（長雨は避ける）,ピナータ系。耐暑性は比較的あるが耐寒性が低く（-3℃以下で枯れやすい）冬は室内管理が基本。過湿に弱いため長雨を避けられる場所を選ぶ。,ピナータ系ラベンダー,https://www.hyponex.co.jp/plantia/plantia-8858/,KEEP,耐寒性が低く冬管理が明確に異なる,high,high,high,,,,
タイム,herb,,shrub,true,0.25,light,土が乾いたら（冬は乾いてから1〜2日後）,乾燥を好む。地植えは根付き後ほぼ水やり不要。水やりすぎは黄変・根腐れの原因。冬はやや控えめ。,タチジャコウソウ,https://www.hyponex.co.jp/plantia/plantia-18746/,KEEP,定番ハーブ、乾燥志向で明確な管理差,high,high,high,,,,
オレガノ,herb,,herbaceous,true,0.23,light,土の表面が完全に乾くまで待ってから,乾燥気味にしたほうが上手に育つ。地植えは基本水やり不要。水やりすぎると腐れやすい。,ハナハッカ,https://www.hyponex.co.jp/plantia/plantia-6577/,KEEP,定番、料理用途で認知度高い,high,high,high,,,,
セージ,herb,,shrub,true,0.30,light,鉢土の表面が乾いたらたっぷり,乾燥を好むが、タイム・ローズマリーより若干湿潤を許容。地植えは根付き後水やりほぼ不要。,コモンセージ,https://www.hyponex.co.jp/garden_support/garden_support-218/,KEEP,定番ハーブ,high,high,high,,,,
レモングラス,herb,,herbaceous,true,0.35,light,鉢土の表面が乾いたらたっぷり（地植えは根付き後不要）,根付いた後は比較的乾燥に強い。葉が丸まってきたら水不足のサイン。春の水やりすぎは根腐れの原因。熱帯性植物のため冬は室内管理が基本。,,https://www.kincho-engei.co.jp/cultivation/detail/4120/,KEEP,熱帯性で冬季室内管理という明確な判断ポイントあり,high,high,high,,,,
バジル,herb,,herbaceous,true,0.50,moderate,土の表面が乾いたら,乾燥に弱いため水切れ注意。夏の乾燥期は朝夕の水やりが必要なことも。水のやりすぎは根を傷める。午前中の水やり推奨。1年草。,スイートバジル,https://www.hyponex.co.jp/garden_support/garden_support-186/,KEEP,anchor植物。夏の水切れ失敗が起きやすい代表格,high,high,high,,,,
コリアンダー,herb,,herbaceous,true,0.50,moderate,鉢土の表面が乾いたらたっぷり,水を好む。夏は乾燥しやすいためこまめに。ただし与え過ぎは根腐れの原因。地植えは乾かし過ぎないよう管理。直根型で移植を嫌う。,パクチー; カメムシソウ,https://www.hyponex.co.jp/garden_support/garden_support-244/,KEEP,パクチーブームで認知度高く、直根性で移植注意という実用情報あり,high,high,high,,,,
パセリ,herb,,herbaceous,true,0.53,moderate,土の表面が乾いたらたっぷり,乾燥に弱い。夏は水切れに注意し朝夕の涼しい時間に水やり。半日陰を好む。イタリアンパセリとカールパセリは管理が同様なため aliases として扱う。,オランダゼリ; イタリアンパセリ; カールパセリ,https://www.hyponex.co.jp/plantia/plantia-15795/,KEEP,料理用途で超定番,high,high,high,,,,
フェンネル,herb,,herbaceous,true,0.50,moderate,鉢土の表面が乾いたらたっぷり,夏に乾燥させないよう注意。地植えは根付き後も乾かし過ぎないよう管理。直根性で移植を嫌う。草丈が高くなる（1〜2m）。,フヌイユ; ウイキョウ,https://www.kincho-engei.co.jp/cultivation/detail/4242/,KEEP,定番、独立2ソース確認済み,high,high,high,,,,
ディル,herb,,herbaceous,true,0.50,moderate,土の表面が乾いたらたっぷり,フェンネルと同様の管理。直根性で移植を嫌う。乾燥しすぎに注意。草丈が高くなる（60〜100cm）。,イノンド,https://www.hyponex.co.jp/plantia/plantia-17872/,KEEP,定番、独立2ソース確認済み,high,high,high,,,,
チャイブ,herb,,herbaceous,true,0.52,moderate,土の表面が乾いたら株元にたっぷり,夏は乾燥しやすいため回数多め。冬は地上部が枯れるが休眠はせず、乾燥しすぎると枯れる恐れあり。花も食用可。,エゾネギ; セイヨウアサツキ,https://www.hyponex.co.jp/garden_support/garden_support-212/,KEEP,定番、独立2ソース確認済み,high,high,high,,,,
レモンバーム,herb,,herbaceous,true,0.60,moderate,1日1回たっぷり（鉢底からあふれるくらい）,乾燥すると葉が黄色く変色・しおれる。地植えは乾燥した日が続いたら。耐寒性が強く多年草。冬は地上部が枯れるが根は生きている。,メリッサ; コウスイハッカ,https://www.hyponex.co.jp/plantia/plantia-16447/,KEEP,乾燥に弱く判断ポイントが明確,high,high,high,,,,
カモミール,herb,,herbaceous,true,0.55,moderate,土の表面が乾いたら,子分類（ジャーマン・ローマン）で一年草/多年草の差あり。詳しくは各子レコードを参照。高温多湿に弱い。,カミツレ,https://www.hyponex.co.jp/plantia/plantia-5108/,KEEP,子分類2種（一年草/多年草）で管理差を表現済み,high,high,high,,,,
ジャーマンカモミール,herb,カモミール,herbaceous,true,0.58,moderate,土の表面が乾いたら（地植えは乾燥しはじめたら早めに）,やや湿り気のある土を好む。水切れに注意。高温多湿には弱い。一年草（こぼれ種で自然に増える）。,,https://www.hyponex.co.jp/garden_support/garden_support-225/,KEEP,一年草、こぼれ種特性,high,high,high,,,,
ローマンカモミール,herb,カモミール,herbaceous,true,0.52,moderate,土の表面が乾いたら／庭植えは基本降雨任せ／夏は朝夕の涼しい時間帯,多年草で寒さに強く踏まれても育つほど丈夫。地上部が枯れても翌年再び芽吹く。夏の高温多湿に弱くプランターは午後の日差しを避ける場所へ。グラウンドカバーとしても利用可。,,https://www.hyponex.co.jp/plantia/plantia-5108/,KEEP,多年草・グラウンドカバーとして明確に管理が異なる,high,high,high,,,,
シソ,herb,,herbaceous,true,0.55,moderate,土の表面が乾きかけているのを確認したらたっぷり,夏の乾燥期は特に注意。マルチングで乾燥防止も有効。葉水も効果的（害虫防止にも）。1年草。,大葉; 紫蘇; アオジソ,https://www.hyponex.co.jp/plantia/plantia-8747/,KEEP,家庭菜園超定番、大葉として日常消費,high,high,high,,,,
ミント,herb,,herbaceous,true,0.65,moderate,土の表面が乾いたら（乾燥しはじめたら早めに）,乾燥に弱い。鉢植えは特に水切れ注意。保水性のある土が向く。繁殖力が非常に強いため地植えでは根の広がり対策が必要。品種による管理差は軽微。,ペパーミント; スペアミント; アップルミント,https://www.hyponex.co.jp/garden_support/garden_support-127/,KEEP,anchor植物。繁殖力・水切れ双方で有名,high,high,high,,,,
マジョラム,herb,,herbaceous,true,0.27,light,表面が乾いてからたっぷり（過湿は根腐れの原因）,地中海原産のシソ科多年草。オレガノと近縁だが耐寒性が低く（霜×）、11月頃までに鉢上げして軒下等で越冬させる。高温多湿を苦手とするため風通し重視。,スイートマジョラム; マヨラナ,https://horti.jp/14550,KEEP,オレガノとの耐寒性差が明確。reference_urlがGreenSnap系(horti.jp)で調査ログ記載のNHKソースへの差し替えを推奨,high,high,review,出典差し替え候補（horti.jp→NHK趣味の園芸）,,,
レモンバーベナ,herb,,shrub,true,0.28,light,鉢: 表面が乾いたのを確認してから／地植え: 基本不要／冬はさらに控えめ,クマツヅラ科の落葉低木。乾燥した環境が適し、水やりすぎは枯死の原因。寒さに弱く、地植えできるのは冬の寒さが厳しくない地域のみ。5〜9月に月1回の液肥。,ボウシュウボク; コウスイボク,https://magazine.cainz.com/article/111888,REVIEW,Issue #7で件数を20件に届かせる目的も兼ねて追加した経緯あり。ハーブティー用途中心で他ハーブほど一般的ではない,high,medium,high,件数目安を満たす目的で追加された経緯あり,,,
チャービル,herb,,herbaceous,true,0.60,moderate,こまめに、土が乾くことのないようたっぷり,セリ科一年草。乾燥に弱く湿り気のある土壌を好む。夏場は半日陰、冬は日当たり良好で。直射日光と湿気を嫌うため風通し確保が重要。花茎が伸びたらすぐ摘み取ることで長期収穫可能。,セルフィーユ; フレンチパセリ; ウイキョウゼリ,https://greensnap.jp/category1/herb/botany/308/growth,REVIEW,Issue #7で件数調整も兼ねて追加。フレンチ料理寄りで一般家庭での認知度は他ハーブよりやや低い,high,medium,review,件数目安を満たす目的で追加された経緯あり；情報源の差し替え候補（greensnap.jp）,,,
胡蝶蘭,orchid,,other,true,0.55,moderate,植え込み材料の表面が乾いて湿り気を感じなくなったら（水苔：春秋10〜14日に1回、夏週1回、冬月1回）,熱帯着生ランのため高湿度を好むが根は「乾いてから」が鉄則。水苔とバークで頻度が異なる。鉢底水は必ず捨てる。葉付け根の水は拭き取る（カビ予防）。冬はぬるま湯を使う。,コチョウラン; ファレノプシス,https://www.hyponex.co.jp/plantia/plantia-9667/,KEEP,ギフト文化で圧倒的認知度、水やり方法の独自性が最も高い,high,high,high,,,,
シンビジウム,orchid,,other,true,0.52,moderate,土の表面が乾いたらたっぷり（秋冬は週1〜2回）,春〜秋は「表面が乾いたらたっぷり」の標準管理。秋冬は週1〜2回に固定。つぼみが出てきたら回数を増やす。,,https://www.hyponex.co.jp/garden_support/garden_support-227/,KEEP,洋ラン入門として定番,high,high,high,,,,
デンドロビウム,orchid,,other,true,0.38,light,植え込み材料が乾くまで待つ（10月以降は控えめ）,多湿を嫌う。「植え込み材料が乾くまで待ってから与える」が鉄則。10月以降は控えめにして新芽の充実を促す。鉢皿の水は毎回捨てる。,,https://www.hyponex.co.jp/plantia/study/6473,KEEP,花屋で広く流通,high,high,high,,,,
カトレア,orchid,,other,true,0.22,moderate,植え込み材料の中心部が完全に乾いてから（冬は乾いても2〜3日待つ）,洋ランの中でも特に乾燥を好む。CAM型光合成のため夕方の水やりが効果的。受け皿の水は毎回廃棄。,,https://www.kincho-engei.co.jp/cultivation/detail/4862/,KEEP,洋ランの代表格、独立2ソース確認済み,high,high,high,,,,
オンシジウム,orchid,,other,true,0.48,moderate,土の表面が乾いたらたっぷりと（年間通じて）,年間を通じて「表面が乾いたらたっぷり」の標準管理。特に夏場は乾燥しやすいため水枯れに注意。葉に縦方向のシワが寄ったら水不足のサイン。,,https://www.hyponex.co.jp/plantia/plantia-16019/,KEEP,広く流通、水切れサインが明確で支援価値あり,high,high,high,,,,
サボテン,succulent,,other,true,0.10,light,土が完全に乾いてから2〜3日後（春秋は「すっかり乾いた頃」に少量、夏は「乾いてから少量」、冬は断水に近い）,moisture_level 数値尺度の band 1 中間アンカー。「完全乾燥後さらに待つ」管理が他植物と明確に異なる。水頻度は「2週間に1回」「1カ月に1回」など一般植物と大きく乖離。鉢サイズ・栽培環境で大きく変わる。,,https://www.hyponex.co.jp/plantia/plantia-5363/,KEEP,anchor植物。多肉の代表、過湿による枯死という典型的失敗例,high,high,high,,,,
エケベリア,succulent,,other,true,0.15,light,土が乾いたら（生育期）／葉にしわが寄ったら（夏）／2〜4週に1回（冬）,moisture_level 数値尺度の band 1 上端アンカー。春秋は「乾いたらすぐ」、夏冬はほぼ断水。夏は根腐れ・蒸れ防止で控えめ（10日に1回程度）。冬は休眠。生え際への水やりが基本（葉に水がかかると萎れる）。,,https://www.hyponex.co.jp/plantia/plantia-9156/,KEEP,anchor植物。多肉の代表格として認知度最高クラス,high,high,high,,,,
アロエ,succulent,,other,true,0.13,light,表面が乾いてから2〜3日後（冬は月2回程度／通常は月1回目安）,葉に大量の水分を蓄えるため乾燥に極めて強い。水のやり過ぎが最大のリスク。日光を好むが半日陰でも育つ。耐寒性は品種による（キダチアロエは屋外越冬可、アロエベラは霜に弱い）。,キダチアロエ; アロエベラ,https://www.hyponex.co.jp/plantia/plantia-7775/,KEEP,家庭常備率が高く、品種差もaliasesで吸収済み,high,high,high,,,,
セダム,succulent,,other,true,0.17,light,春秋: 2〜3日に1回たっぷり／梅雨〜夏: 雨避け＋回数減／冬: 月1〜4回霧吹き程度,過湿に非常に弱い。梅雨期は特に雨避け必須（特に洋種）。品種によりグラウンドカバーとしても利用可。多肉用の水はけの良い土が必須。,マンネングサ,https://www.hyponex.co.jp/plantia/plantia-9176/,KEEP,グラウンドカバー含め流通量が多い,high,high,high,,,,
ハオルチア,succulent,,other,true,0.18,light,春秋: 表面が乾いたらたっぷり／夏: 10日に1回夕方軽く／冬: 2〜4週に1回,春秋型多肉。他の多肉と異なり直射日光を嫌う（1年を通して明るい日陰）。夏は蒸れ・根腐れ防止で控えめに。冬も休眠期のため控えめ。,ハウォルチア,https://www.hyponex.co.jp/plantia/plantia-10556/,KEEP,直射日光NGという他多肉と逆の管理特性が支援価値大,high,high,high,,,,
グラプトペタルム,succulent,,other,true,0.18,light,春秋: 表面が乾いたらたっぷり／夏: 10日に1回夕方軽く／冬: 2〜4週に1回,屋外で放置気味に育てても増える強健種。極寒の凍結と夏場の蒸れさえ避ければ育てやすい。落ちた葉から容易に増える。,朧月; オボロヅキ,https://www.kincho-engei.co.jp/cultivation/detail/5685/,REVIEW,研究ログ自身が「ハオルチアとほぼ同じ水やりサイクル」と記載。数値プロファイルがハオルチアとほぼ重複するが小売での独立認知度は高い,high,high,high,同系統植物（ハオルチア）との管理差が小さい,,,
カランコエ,succulent,,other,true,0.22,light,5〜9月: 土が乾いたら／冬: 表面が乾いてから2〜3日待って（10℃以下は4〜5日後）,多肉だが根が細く過湿による根腐れが起きやすい。花もの多肉のため生育期の水管理は他多肉より若干多め。短日植物で開花には日照時間管理が必要。,ベニベンケイ,https://www.hyponex.co.jp/plantia/plantia-9110/,KEEP,多肉の中で開花目的の異質な管理、支援価値高い,high,high,high,,,,
リプサリス,succulent,,other,true,0.42,moderate,表面が乾いて数日後たっぷり／夏は頻度減／冬は月1〜2回＋葉水中心,森林性サボテン。熱帯雨林原産で樹木に着生。空中湿度を好み、乾燥した室内では葉水推奨（ハダニ予防にも有効）。直射日光を嫌い明るい日陰で管理。他の多肉と全く異なる水分管理が必要な点に注意。,ヒモサボテン,https://andplants.jp/blogs/magazine/rhipsalis,KEEP,森林性サボテンで他の多肉と正反対の管理、多肉=断水気味という誤った思い込みを正す実用価値が高い,high,medium,acceptable,,,,
オリーブ,fruit,,tree,true,0.35,moderate,鉢: 表面が乾いたらたっぷり／夏: 毎日／冬: 控えめ／夏の水やりは午前中に,地中海原産で乾燥に強い。水はけと水もちのバランスが重要。開花期（5〜6月）が梅雨と重なるため受粉不良になりやすく、鉢は軒下推奨。実をつけるには2品種以上混植。夏の午後の水やりは水温上昇で根傷めの原因。,,https://www.hyponex.co.jp/plantia/plantia-15832/,KEEP,近年の庭木・鉢トレンドで人気、鉢栽培中心で判断発生頻度が高い,high,high,high,,,,
キンカン,fruit,,shrub,true,0.48,moderate,鉢: 4〜9月 1日1回／10〜12月は乾かし気味／地植えは基本不要,柑橘の中では小柄で鉢栽培に向く。10〜12月の成熟期は乾かし気味の方が果実の色づき・甘みが良い。春〜夏の水切れは落果・落葉の原因。,金柑,https://www.kincho-engei.co.jp/cultivation/detail/4626/,KEEP,柑橘の中で唯一鉢栽培に向くと明記、他柑橘と管理差が実質的にある,high,high,high,,,,
温州みかん,fruit,,tree,true,0.50,moderate,鉢: 4〜9月 1日1回／それ以外 表面が乾いたら／地植えは基本不要,耐暑性・耐寒性ともに優れる。花芽〜結実期は水切れ厳禁。地植えは日当たり・水はけ良好で風の当たらない場所。夏の日照りが続いたら地植えでも補水。,ウンシュウミカン; みかん,https://www.hyponex.co.jp/garden_support/garden_support-120/,REVIEW,認知度は最高クラスだが地植えは基本不要で成熟後の支援価値が低い。柑橘4種の中で最もレモン・キンカンと役割が重複,low,high,high,成熟した地植えでは水やり支援価値が低い；柑橘の過剰代表候補,,,
ユズ,fruit,,tree,true,0.50,moderate,鉢: 表面が乾いたら底から溢れるまで／地植えは基本不要／収穫前は乾かし気味,他の柑橘より樹勢が強く深根性で枝葉がよく茂る。花・結実まで庭植え7〜8年、鉢植え3〜4年と時間がかかる。カラタチ台木が一般的。収穫前（9月下旬〜）は乾かし気味で果実充実。,柚子,https://www.hyponex.co.jp/plantia/plantia-7424/,DROP_CANDIDATE,地植えは基本不要、結実まで庭植え7〜8年という長い成木依存の管理。キンカン・レモンと機能重複しており柑橘代表としての必要性が最も低い,low,,high,成熟した地植えでは水やり支援価値が低い；柑橘の過剰代表候補,,,
ウメ,fruit,,tree,true,0.50,moderate,鉢: 表面が乾いたらたっぷり／冬に室内取り込み時は霧吹きで補湿,花梅と実梅がある。実を収穫したい場合は2品種以上を同時栽培推奨。冬に暖房中の室内に入れる場合は霧吹きで枝・幹に補湿。,梅,https://www.kincho-engei.co.jp/cultivation/detail/4762/,REVIEW,庭木の代表格的存在で認知度は高いが、水やりに関する記述が室内取り込み時の霧吹き程度に限られ通常運用での支援価値が薄い,low,high,high,成熟した地植えでは水やり支援価値が低い,,,
リンゴ,fruit,,tree,true,0.50,moderate,鉢: 表面が乾き始めたら／夏: 表面が乾いたら鉢底から流れるまで,家庭向けは早生品種（さんさ・祝・つがる等）が豊産性でおすすめ。直射日光・西日は葉焼け・実焼けを起こすためやわらかい日差しの場所へ。受粉樹として異なる品種の混植が必要。,林檎,https://www.hyponex.co.jp/plantia/plantia-19997/,DROP_CANDIDATE,栽培適地が気候的に限られ全国的な家庭園芸定番とは言いにくく、成熟後の水やり判断も他の庭木果樹と同様に希薄。fruit12種中もっとも優先度が低い,low,low,high,庭木としては一般的だがMVPスコープとの適合性が低い,,,
レモン,fruit,,tree,true,0.55,moderate,鉢: 表面が乾いたら底から流れるまで／夏: 1日2回／冬: 控えめ,柑橘の中でも水切れに敏感（一度切らすと落葉しやすい）。寒さにやや弱く、寒冷地では鉢植えで屋内越冬が安心。1〜2年に1回植え替え推奨。,,https://www.hyponex.co.jp/plantia/plantia-15698/,KEEP,柑橘の中で唯一水切れに敏感と明記、鉢植え人気も高く適合性が最も高い柑橘,high,high,high,,,,
ブラックベリー,fruit,,shrub,true,0.55,moderate,鉢: 表面が乾いたら鉢底から流れるまで／庭植えは日照時に補水,木イチゴの仲間で病害虫に強く育てやすい。直立性・つる性がある。つる性はフェンス誘引推奨。旺盛に伸びるため冬の剪定必須（前年枝を1/2〜1/3残す）。夏に実がついた枝は枯死するので収穫後根元から剪定。,,https://www.hyponex.co.jp/garden_support/garden_support-164/,KEEP,キイチゴ系、鉢植え需要あり,high,high,high,同系統植物（ラズベリー）との管理差が小さい,,,
イチジク,fruit,,tree,true,0.58,moderate,鉢: 基本1日1回／夏: 1日2回／冬: 頻度減,果樹の中では水を好む方。夏の直射日光が強すぎると弱るため半日陰か日よけ推奨。早ければ1年目から収穫可能。10号（30cm）以上の鉢が目安。,無花果; フィグ,https://www.hyponex.co.jp/plantia/plantia-9271/,KEEP,育てやすさで近年人気上昇、鉢植え・水好みで明確な判断ポイントあり,high,high,high,,,,
ラズベリー,fruit,,shrub,true,0.60,moderate,鉢: 4〜7月 1日1回／8〜9月 1日2回／10〜3月 表面が乾いたら,半日陰でも育つ。ベランダ栽培では夏の乾燥に注意。鉢栽培は2年ごとの植え替えが必要（3年超で根詰まり）。水はけの良い土を選ぶ。,フランボワーズ; キイチゴ,https://www.kincho-engei.co.jp/cultivation/detail/4666/,KEEP,独立した小売需要あり,high,high,high,同系統植物（ブラックベリー）との管理差が小さい,,,
カキ,fruit,,tree,true,0.72,heavy,鉢: 5〜9月 朝夕2回／冬: 表面が乾いたら／地植えは活着後は基本不要,鉢栽培では乾燥に極めて弱い。真夏の日中の水やりは水温上昇で根を傷めるため朝夕に。冬でも土が乾燥したら補水。地植えは活着すれば基本不要だが日照りが続いたら補水。,柿,https://www.kincho-engei.co.jp/cultivation/detail/4781/,REVIEW,文化的アイコン性は非常に高いが、水やりに関する記述は鉢植え限定で地植え成木は活着後基本不要,low,high,high,成熟した地植えでは水やり支援価値が低い,,,
ブルーベリー,fruit,,shrub,true,0.75,heavy,4〜7月: 1日1回／8〜9月: 1日2回／10〜3月: 表面が乾いたら,根が非常に浅く乾燥に極めて弱い。夏の水切れは落葉・収穫量激減の原因。酸性土（pH 4.5程度）を好むためブルーベリー専用土推奨。受粉樹として異なる2品種以上を近くで育てる必要あり。,,https://www.kincho-engei.co.jp/cultivation/detail/4771/,KEEP,酸性土要求で鉢栽培が標準、根が浅く水切れに極めて弱い代表例,high,high,high,,,,
ザミオクルカス,foliage,,herbaceous,true,0.20,light,2〜3週に1回（鉢土が完全に乾いてから）／冬はさらに控えめ,東アフリカ乾燥地帯原産のサトイモ科多年草。地中に塊茎を持ち水分を蓄えるため水やりを忘れても枯れにくい。耐陰性が非常に強い。最低10℃以上をキープ。,ザミオクルカス・ザミーフォリア; ZZプラント,https://andplants.jp/blogs/magazine/zamioculcas,KEEP,塊茎で水を蓄える、初心者の水やり過多を防ぐ好例,high,high,acceptable,,,,
サンスベリア,foliage,,herbaceous,true,0.22,light,春秋: 表面が乾いて2〜3日後／夏: 表面乾いたら株元に／冬: 月1回,葉に水分を蓄えるため乾燥に強い。過湿による根腐れが最大のリスク。風通し重視。冬は休眠期のためほぼ断水。,サンセベリア; トラノオ,https://www.hyponex.co.jp/plantia/plantia-6915/,KEEP,観葉の中で最も乾燥寄り、代表的な初心者向け,high,high,high,,,,
ペペロミア,foliage,,herbaceous,true,0.25,light,表面が乾いてから数日あけて／冬は特に控えめ,葉や茎に水分を保有するため水やりは控えめ。定期的な葉水は推奨。明るい日陰を好み耐陰性あり。最低10℃キープ。,,https://www.hyponex.co.jp/plantia/plantia-14478/,KEEP,小型・水やり控えめの代表,high,high,high,,,,
ハートカズラ,foliage,,vine,true,0.27,light,土の表面が乾いて完全に乾燥してから／葉水はこまめに,半多肉性のつる植物。厚い葉に水分を蓄えるため水やりは控えめが基本。過湿は根腐れの原因。ハンギング向き。,ラブチェーン; セロペギア・ウッディ,https://www.hyponex.co.jp/plantia/plantia-7214/,KEEP,半多肉性のハンギング定番,high,medium,high,,,,
ホヤ,foliage,,vine,true,0.28,light,表面が乾いてから／年間通してやや乾かし気味,過湿による根腐れが枯死の最大要因。葉水で空中湿度を保つ。花を咲かせるにはつるを長く伸ばして日照確保が必要。,サクララン,https://www.hyponex.co.jp/plantia/22725/,KEEP,過湿による根腐れが最大リスクという典型例,high,medium,high,,,,
ドラセナ,foliage,,tree,true,0.30,light,春: 表面乾いたら／夏: 毎日／冬: 土が乾いて2〜3日後,乾燥に強くやや乾燥気味を好む。土の表面が白くなってから水やりが目安。直射日光は葉焼けの原因。2年に1回植え替え。,幸福の木; マッサン,https://www.hyponex.co.jp/plantia/plantia-7119/,KEEP,幸福の木として非常に高い認知度,high,high,high,,,,
ガジュマル,foliage,,tree,true,0.35,light,春秋: 表面乾いたらたっぷり／冬: 表面乾燥から2〜3日後,幸せを呼ぶ木として人気。丈夫で育てやすく初心者向け。夏の直射日光は葉焼けの原因。冬は5℃以上をキープ。,,https://www.hyponex.co.jp/plantia/plantia-6900/,KEEP,初心者向け代表格,high,high,high,,,,
パキラ,foliage,,tree,true,0.35,light,春夏: 表面乾いたら鉢底から流れるまで／秋冬: 土中が乾いて2〜3日後,枯れる原因の多くは水のやりすぎ。受け皿の水は必ず捨てる。耐陰性あるが日光不足だと弱る。葉水推奨。,発財樹,https://www.hyponex.co.jp/plantia/plantia-6975/,KEEP,観葉植物の代表格、枯死原因の多くが水のやりすぎという好例,high,high,high,,,,
アイビー,foliage,,vine,true,0.40,moderate,春秋: 表面乾いたらたっぷり／冬: 控えめ／地植えは基本不要,非常に丈夫で初心者向け。耐陰性強く北側でも育つが徒長・斑消失に注意。斑入りは強日照で葉焼け。,ヘデラ,https://www.hyponex.co.jp/garden_support/garden_support-276/,KEEP,初心者向け・耐陰性の代表,high,high,high,,,,
ポトス,foliage,,vine,true,0.45,moderate,冬以外: 表面乾いたら鉢底から流れるまで／冬: 乾かし気味,初心者向けの代表格。耐陰性ありだが日照不足で斑が消える。夏は早朝か夕方に水やり。年間通じて葉水推奨。,ゴールデンポトス; エピプレナム,https://www.hyponex.co.jp/plantia/plantia-14463/,KEEP,観葉植物入門の代表格,high,high,high,,,,
シェフレラ,foliage,,tree,true,0.45,moderate,春夏: 表面乾いたら鉢底から流れるまで／秋冬: 表面乾いて2〜3日後,日当たり・温度・湿度をあまり選ばず育てやすい代表種。毎日水をやると根腐れの原因。40℃超の直射日光は避ける。,カポック; ホンコンカポック,https://www.hyponex.co.jp/plantia/plantia-14376/,KEEP,育てやすさの代表格として認知度高い,high,high,high,,,,
オリヅルラン,foliage,,herbaceous,true,0.45,moderate,表面乾いてからたっぷり／冬: 表面乾燥から3日後,耐寒性が観葉としては強く（5℃）、関東以西は屋外越冬可。明るい日陰〜遮光下を好む。日照不足で徒長。,折鶴蘭,https://www.hyponex.co.jp/plantia/plantia-14389/,KEEP,屋外越冬可能な観葉として独自性あり,high,medium,high,,,,
モンステラ,foliage,,vine,true,0.50,moderate,冬以外: 表面乾いたら鉢底から流れるまで／冬: 乾かし気味,高温多湿に強い。夏は早朝の水やりが基本。直射日光は葉焼け、レースカーテン越しが理想。ハダニ予防に葉水こまめに。,,https://www.hyponex.co.jp/plantia/plantia-11257/,KEEP,近年の観葉植物人気の象徴的存在,high,high,high,,,,
フィカス・ウンベラータ,foliage,,tree,true,0.50,moderate,春秋: 表面乾いたらたっぷり／夏: 水切れ注意／冬: 乾かし気味,成長が早く 1〜2年に1回植え替え必須。18〜30℃で最も成長。カーテン越しの窓辺が理想。,ウンベラータ,https://www.hyponex.co.jp/plantia/plantia-16978/,KEEP,インテリアグリーンの代表格として近年人気,high,high,high,,,,
フィカス・ベンジャミナ,foliage,,tree,true,0.50,moderate,春秋: 表面乾いたらたっぷり／冬: 乾かし気味,環境変化に敏感で葉を落としやすい。設置場所は固定推奨。耐寒性弱く冬は室内。定期的な葉水推奨。,ベンジャミン; ベンジャミンゴム,https://www.hyponex.co.jp/plantia/plantia-13750/,KEEP,オフィス・店舗で定番の観葉,high,high,high,,,,
アグラオネマ,foliage,,herbaceous,true,0.50,moderate,春秋: 表面乾いたらたっぷり／冬: 乾き気味＋軽く霧吹き,高温多湿を好むが常時湿った状態はNG（少し乾き始めてからたっぷり）。耐陰性強い。葉水推奨。,,https://www.hyponex.co.jp/plantia/plantia-20273/,KEEP,高温多湿を好むが常時湿潤はNGという判断が必要,high,medium,high,,,,
クワズイモ,foliage,,herbaceous,true,0.50,moderate,春秋: 表面が乾いてきたらたっぷり／冬: 表面完全に乾いてから,湿度好むが常時湿った土は根腐れの原因。冬は霧吹きや葉拭きで湿度確保。樹液にシュウ酸を含み肌荒れに注意。,,https://www.kincho-engei.co.jp/cultivation/detail/5236/,KEEP,大型観葉として人気、水やり管理も明確,high,high,high,,,,
クロトン,foliage,,shrub,true,0.55,moderate,春秋: 表面が乾き始めたら／冬: 表面乾いて2〜3日後,鮮やかな葉色をキープするには乾燥を防ぎ葉水推奨。日光不足で葉色が褪せる。耐寒性弱く最低10℃キープ。,ヘンヨウボク,https://www.hyponex.co.jp/plantia/plantia-14549/,KEEP,葉色維持のための水管理という独自の価値提案あり,high,medium,high,,,,
コルジリネ,foliage,,tree,true,0.55,moderate,4〜10月: 表面乾いたら鉢底から流れるまで（7〜9月はほぼ毎日）／11〜3月: 週1〜2,生育旺盛な夏はほぼ毎日水やり。耐寒性弱く冬は5〜10℃をキープ。水はけの良い用土必須。,コルディリネ,https://www.hyponex.co.jp/plantia/plantia-16213/,KEEP,夏場ほぼ毎日という明確な季節変化あり,high,medium,high,,,,
テーブルヤシ,foliage,,tree,true,0.55,moderate,冬以外: 表面乾いたら鉢底から流れるまで／冬: 週1回程度,中南米原産の小型ヤシで耐陰性あり。多湿を好むため葉水は毎日推奨。夏は早朝か夕方に水やり。,チャメドレア,https://www.hyponex.co.jp/plantia/plantia-14211/,KEEP,小型ヤシの定番,high,medium,high,同系統植物（アレカヤシ）との管理差が小さい,,,
アレカヤシ,foliage,,tree,true,0.58,moderate,春秋: 表面が乾く前にたっぷり（葉先が茶色くなる）／冬: 完全に乾いてから,熱帯・亜熱帯性。乾燥すると葉先が茶色くなる。ヤシの中では寒さに弱く冬は室内。強い直射日光を嫌う。葉水推奨。,,https://www.hyponex.co.jp/garden_support/garden_support-269/,KEEP,乾燥で葉先が茶色くなるという分かりやすい失敗サインあり,high,medium,high,同系統植物（テーブルヤシ）との管理差が小さい,,,
ネフロレピス,foliage,,herbaceous,true,0.65,moderate,春秋: 表面が乾く前にたっぷり／冬: 乾かし気味＋葉水こまめ,シダ類で高温多湿を好む。夏の直射日光は葉焼け、遮光か半日陰で管理。冬でも空気乾燥を嫌い葉水必須。,タマシダ,https://www.hyponex.co.jp/garden_support/garden_support-200/,KEEP,シダ系代表、葉水の必要性を伝える好例,high,medium,high,,,,
マランタ,foliage,,herbaceous,true,0.68,moderate,春秋: 表面乾いたらたっぷり／夏: ほぼ毎日／冬: 表面乾いて数日後,湿度大好き（乾燥で葉がくるまる）。空気湿度不足時は葉水必須。夜に葉が立ち上がる就眠運動（プレイヤープラントの由来）。,プレイヤープラント,https://www.shuminoengei.jp/m-pc/a-page_p_detail/target_plant_code-468/target_tab-2,KEEP,就眠運動という話題性もあり、湿度管理の代表,high,medium,high,,,,
カラテア,foliage,,herbaceous,true,0.68,moderate,春秋: 表面がうっすら乾いたらたっぷり／夏: 朝夕1日2回／冬: 乾かし気味＋葉水こまめ,高温多湿を好み水不足で葉が丸まる。強日射で葉焼け、明るい日陰が理想。葉の模様が魅力の代表種。,,https://www.hyponex.co.jp/plantia/plantia-11653/,KEEP,模様の魅力で人気、高湿度要求が明確,high,high,high,,,,
アジアンタム,foliage,,herbaceous,true,0.72,moderate,常時湿度高めキープ／こまめな葉水必須／エアコン風は避ける,シダの中でも乾燥に極めて弱い。葉がチリチリになりやすいため葉水頻度が最重要。直射日光NG、明るい日陰。,ホウライシダ,https://www.hyponex.co.jp/plantia/plantia-9714/,KEEP,シダの中でも特に乾燥に弱く、niwa.logの警告価値が高い,high,medium,high,,,,
千日紅,flower,,herbaceous,true,0.28,light,鉢: 表面乾いたらたっぷり／地植え: 降雨任せ／夏は朝夕1回,暑さ・乾燥に強く長期間楽しめる。過湿に弱く肥料も与えすぎ注意。,センニチコウ; ゴンフレナ,https://www.hyponex.co.jp/plantia/6024/,KEEP,夏花壇の定番、乾燥に強い対比サンプルとしても有用,medium,high,high,,,,
カーネーション,flower,,herbaceous,true,0.30,light,表面乾燥してさらさらしてから鉢底から流れるまで／冬: 完全乾燥から2〜3日後,水やりすぎで根腐れ。花蕾に水がかかると病気やカビ。朝夕の涼しい時間帯に。,,https://www.hyponex.co.jp/plantia/plantia-14782/,KEEP,母の日ギフトで圧倒的知名度、鉢栽培中心,high,high,high,,,,
ラナンキュラス,flower,,herbaceous,true,0.30,light,乾燥気味／表面乾いたら／植えつけ直後は4〜5日水やらない,球根植物。加湿は球根腐りの原因。花びらは繊細で水がかかると傷む。,,https://www.hyponex.co.jp/plantia/plantia-7234/,KEEP,球根花の定番、加湿による球根腐りという明確な失敗例,high,high,high,,,,
コスモス,flower,,herbaceous,true,0.32,light,鉢: 表面乾燥後たっぷり／地植え: 降雨任せ,湿度高く暗い場所は苦手。肥料水与えすぎで倒れやすくなる。日当たり風通し良好が必須。,秋桜,https://www.hyponex.co.jp/plantia/plantia-15193/,KEEP,秋の代表花、地植え・鉢両方の需要あり,medium,high,high,,,,
ベゴニア,flower,,herbaceous,true,0.35,light,表面乾いてからたっぷり／冬: 乾いてから数日後,多湿苦手で水やりすぎで根腐れ。葉に水かけると傷み・病気。株元にそっと。,,https://www.hyponex.co.jp/plantia/plantia-7354/,KEEP,鉢花の定番、多湿注意という分かりやすい判断ポイント,high,high,high,,,,
ガーベラ,flower,,herbaceous,true,0.35,light,鉢: 表面乾いてから鉢底から流れるまで／地植え: 基本不要,過湿苦手で根腐れリスク。葉間に水たまると蒸れ・病気。株元へ与える。,,https://www.hyponex.co.jp/plantia/plantia-7245/,KEEP,切り花・鉢花双方で人気,high,high,high,,,,
ゼラニウム,flower,,herbaceous,true,0.42,moderate,土の表面が乾き始めたら／冬は表面が乾いてから3日ほど置いて,moisture_level 数値尺度の band 3 下端アンカー。「やや乾燥した土を好む」花もの。過湿に弱い。花に水がかからないよう株元に与える。梅雨は灰色かび病に注意。,,https://www.hyponex.co.jp/garden_support/garden_support-217/,KEEP,anchor植物。ベランダガーデニングの代表格,high,high,high,,,,
パンジー,flower,,herbaceous,true,0.42,moderate,表面乾いたらたっぷり／冬は午前中に,多湿嫌い。冬は午後の水やりで凍結リスク。日当たり風通し重要。,,https://www.hyponex.co.jp/plantia/plantia-9630/,KEEP,秋冬花壇の圧倒的定番,high,high,high,,,,
ビオラ,flower,,herbaceous,true,0.42,moderate,表面乾いたらたっぷり／冬は午前中に,パンジーとほぼ同管理。株が小型で開花期はより長い。日当たり重要。冬季戸外可。,,https://www.kincho-engei.co.jp/cultivation/detail/5185/,KEEP,パンジーとほぼ同一の管理だが独立商品として店頭に並ぶ超定番ペア。統合は非現実的なため両方維持,high,high,high,独立検索需要は高いが管理差は小さい（パンジー）,,,
マリーゴールド,flower,,herbaceous,true,0.42,moderate,表面乾いたらたっぷり／地植え: 降雨任せ／夏は朝たっぷり,水はけの良い土を好む。日照不足で徒長・花つき悪化。よく根が張り丈夫。,,https://www.hyponex.co.jp/plantia/plantia-8206/,KEEP,学校教育でも定番、認知度最高クラス,high,high,high,,,,
ジニア,flower,,herbaceous,true,0.42,moderate,鉢: 表面乾いてから／地植え: 降雨任せ／夏は朝夕2回も,過湿嫌い、常時湿った土は避ける。水切れは花色悪化。日光重要。,百日草; ヒャクニチソウ,https://www.hyponex.co.jp/plantia/study/3525,KEEP,家庭園芸の夏花壇定番,high,high,high,,,,
クリスマスローズ,flower,,herbaceous,true,0.42,moderate,10〜5月: 表面乾いてからたっぷり／6〜9月: 乾かし気味／地植えは基本不要,過湿嫌う。夏は休眠期で完全に乾かし気味に。冬は午前中の水やりで霜対策。多年草で耐寒性強い。,,https://www.hyponex.co.jp/plantia/plantia-6789/,KEEP,シェードガーデン人気種、夏季断水という明確な季節判断あり,high,medium,high,,,,
ペチュニア,flower,,herbaceous,true,0.48,moderate,鉢: 表面乾いたら鉢底から流れるまで／地植え: 乾燥時のみ／夏は朝夕に,乾燥嫌う。花に水かけない。雨で花傷むため軒下推奨。日当たり必須。サフィニア（サントリー改良品種）は管理準拠のため親レコードのみで扱う。,サフィニア,https://www.hyponex.co.jp/plantia/plantia-8181/,KEEP,サフィニアを統合済み、ベランダガーデニング代表格,high,high,high,,,,
サザンカ,flower,,shrub,true,0.50,moderate,植えつけから2年: たっぷり／根付き後鉢: 表面乾いたら／地植え: 降雨任せ,開花期は水切らさない。水はけ良く有機物多い土を好む。剪定は3〜4月。,山茶花,https://www.hyponex.co.jp/plantia/plantia-7434/,REVIEW,生垣・庭木としての認知度は高いが、成熟個体は地植え降雨任せで日常の水やり判断がほぼ発生しない,low,high,high,庭木としては一般的だがMVPスコープとの適合性が低い,,,
キンモクセイ,flower,,tree,true,0.50,moderate,地植え: 基本不要／鉢: 土乾いたら／夏は水切れ注意（花芽形成期）,夏の水切れは秋の開花不良の原因。水はけ良く栄養ある土を好む。剪定は早春（2〜4月）。,金木犀,https://www.hyponex.co.jp/plantia/plantia-13813/,REVIEW,地植えは基本不要の庭木代表。香り文化としての認知度は非常に高いが実用価値は低い,low,high,high,庭木としては一般的だがMVPスコープとの適合性が低い,,,
バラ,flower,,shrub,true,0.55,moderate,鉢: 春秋1日1回、真夏朝夕2回／冬: 土乾いたら朝に,生育旺盛な春〜初夏は水切れ注意。水やりすぎで根腐れも。適切な鉢サイズ（6〜7号から）で徐々に大きく。,ローズ,https://www.hyponex.co.jp/plantia/plantia-14290/,KEEP,子分類2種を追加済み。愛好家人口・専門メディアの厚みからflowerの主要ジャンルとして必須,high,high,high,大ジャンルとして過少代表だったため子分類を追加（本セッション対応済み）,,,
ミニバラ,flower,バラ,shrub,true,0.58,moderate,鉢: 土の表面が乾いたら午前中に株元へたっぷり（花に水をかけない）,鉢植え中心で栽培される小型品種。根鉢が小さいため一度乾かすと枯死しやすい一方、過湿は根腐れの原因。乾燥・病害虫の影響を受けやすくこまめな観察が必要。,,https://www.hyponex.co.jp/garden_support/garden_support-129/,KEEP,鉢植え中心・小さい根鉢で水切れ管理がシビア、本セッションで追加,high,high,high,,,,
つるバラ,flower,バラ,vine,true,0.55,moderate,鉢: 土の表面が乾いたら午前中にたっぷり（開花期はほぼ毎日、真夏は朝夕2回）／地植え: 根づいた後は降雨中心で乾燥時のみ,木立ちバラ（つる状に仕立てない通常のバラ）とは異なりつる状に伸びる仕立てのため growth_form は vine。地植えで根づいた株は乾燥に強く降雨中心で足りるが、鉢植えは開花期（4〜8月）にほぼ毎日の水やりが必要。,クライミングローズ,https://www.hyponex.co.jp/plantia/plantia-20306/,KEEP,growth_form=vineで親と明確に区別、本セッションで追加,high,high,high,,,,
ダリア,flower,,herbaceous,true,0.55,moderate,鉢: 表面乾いたら鉢底から流れるまで／地植え: 極度乾燥時のみ／夏は朝夕,球根植物。常時湿状態は球根腐りの原因。植えつけ後は発芽まで水やらない。次々開花で追肥重要。,,https://www.hyponex.co.jp/plantia/plantia-15355/,KEEP,球根花の代表、次々開花で追肥・水管理の判断が続く,high,high,high,,,,
サルビア,flower,,herbaceous,true,0.55,moderate,表面が乾き始めたらたっぷり／早朝に,水枯れに弱く水足りないと下葉が枯れる。過湿も根腐れ原因。夏の強日光・西日は苦手。,,https://www.hyponex.co.jp/plantia/plantia-8527/,KEEP,夏花壇の代表格,high,high,high,,,,
ケイトウ,flower,,herbaceous,true,0.55,moderate,毎日たっぷり／夏は朝夕2回／苗育成期は乾燥させない,苗育成期は乾燥厳禁。過湿による根腐れも注意。日光要求性高い。,鶏頭,https://www.hyponex.co.jp/plantia/plantia-13856/,KEEP,学校教育・家庭園芸双方の定番,high,high,high,,,,
シクラメン,flower,,herbaceous,true,0.55,moderate,底面給水: 鉢皿の水切らさない／通常鉢: 土に静かに注ぐ／花や球根に直接NG,底面給水鉢が主流。2週に1度は上から給水し老廃物流す。花・球根上部への水は病気の原因。9〜5月開花期は肥料週1。,,https://www.hyponex.co.jp/plantia/plantia-7363/,KEEP,冬ギフト鉢花の代表、底面給水という独自の管理形態がniwa.log向き,high,high,high,,,,
ツバキ,flower,,tree,true,0.55,moderate,鉢夏: 朝夕毎日／春秋: 1〜2日に1回／冬: 土乾いたら／地植え: 猛暑時のみ,乾燥・強い西日で葉焼け。水はけ良く有機物多い酸性土を好む。冬は蕾・枝を寒風から守る。,椿,https://www.hyponex.co.jp/plantia/plantia-13816/,REVIEW,地植えは猛暑時のみの庭木代表。文化的重要性は高いが実用価値は低い,low,high,high,庭木としては一般的だがMVPスコープとの適合性が低い,,,
チューリップ,flower,,herbaceous,true,0.55,moderate,植えつけ時: たっぷり／発芽後: 土乾いたら十分に／花後: 葉が枯れるまで継続,秋植え春咲きの球根。過湿嫌うが水も好む。植えつけ時に球根の向きを揃える（平らな面を外向き）。,,https://www.hyponex.co.jp/plantia/plantia-9072/,KEEP,春の球根花の代表格、圧倒的な認知度,high,high,high,,,,
ヒマワリ,flower,,herbaceous,true,0.60,moderate,発芽〜生育初期: 乾燥させない／開花期は朝晩2回たっぷり,根が浅く乾燥がすぐ影響する。株元に敷きワラ推奨。日当たり必須で日照不足だと徒長。,向日葵,https://www.hyponex.co.jp/plantia/plantia-13403/,KEEP,学校教育で必ず登場、根が浅く乾燥影響が大きい典型例,high,high,high,,,,
インパチェンス,flower,,herbaceous,true,0.60,moderate,鉢: 表面乾き始めたらたっぷり／夏は朝夕1回ずつ／地植えは乾燥時のみ,乾燥苦手で水切れ注意。花に水かけると病気の原因。半日陰でも育つ。,,https://www.hyponex.co.jp/garden_support/garden_support-265/,KEEP,半日陰花壇の定番、水切れ判断が明確,high,high,high,,,,
サツキ,flower,,shrub,true,0.60,moderate,鉢夏: 朝夕2回鉢底から流れるまで／それ以外: 土乾く前に／地植え: 降雨任せ,乾燥に弱く川辺自生の湿潤好み。水もち＋水はけの土を好む。真夏の直射日光は避ける。,皐月,https://www.hyponex.co.jp/plantia/plantia-15471/,REVIEW,地植え降雨任せの庭木代表。植木としての定番性は高いが実用価値は低い,low,high,high,庭木としては一般的だがMVPスコープとの適合性が低い,,,
朝顔,flower,,vine,true,0.65,moderate,開花期: 毎日朝晩たっぷり／発芽期: 乾燥させない,乾燥で花つき悪化、水切れ厳禁。ただし過湿も根腐れ。朝夕の涼しい時間帯に。日照必須（不足でつるばかり伸びる）。,アサガオ,https://www.hyponex.co.jp/plantia/plantia-6374/,KEEP,学校教育の代表、開花期は毎日朝晩の水やりが必須という強い判断ポイント,high,high,high,,,,
アジサイ,flower,,shrub,true,0.72,heavy,土の表面が乾いたらすぐ（夏は朝夕2回も）／地植えは乾燥時のみ補水,moisture_level 数値尺度の band 4 中間〜上端アンカー。「乾燥を苦手」「水切れしやすい」。鉢植えは「表面が乾いたら底から流れ出すまでたっぷり」。夏の水切れに特に注意。株元マルチングで乾燥防止効果あり。,,https://www.hyponex.co.jp/garden_support/garden_support-273/,KEEP,anchor植物。ギフト鉢の需要が高く鉢では日次の水切れが起きやすい,high,high,high,,,,
ジャガイモ,vegetable,,herbaceous,true,0.28,light,地植え: 基本不要／プランター: 前期は乾いたら、後期は乾き気味／芽出しまで水やり不要,乾き気味の土を好む。水与えすぎで腐りやすい。芽が出た後は表土白っぽく乾いたら水やり。芽かき・土寄せが成功のポイント。,じゃがいも; 馬鈴薯,https://www.hyponex.co.jp/plantia/7303/,KEEP,家庭菜園の入門定番、Issue #6の家庭菜園ユーザー重視方針に合致,medium,high,high,,,,
サツマイモ,vegetable,,vine,true,0.28,light,植えつけ直後1週間: たっぷり／以降: 基本不要（乾燥時のみ）,過湿嫌う。植えつけ後は基本水やり不要。葉がしおれたらたっぷり。つる返し（地上のつるから根が生えないように）が管理のコツ。,さつまいも; かんしょ,https://www.hyponex.co.jp/plantia/plantia-10115/,REVIEW,植えつけ後は基本不要で水やり判断がほぼ発生しない。つる性で場所も取りベランダ向きではない,low,high,high,成熟後は水やり支援価値が低い,,,
ネギ,vegetable,,herbaceous,true,0.30,light,発芽まで: 乾かさない／発芽後: 基本水やり不要（極端な乾燥時のみ）,発芽後は極端に乾燥するとき以外水やり不要。葉がぐったりしおれない限り水やり不要。土寄せが植えつけ後2〜3週から複数回必要。,長ネギ; 葉ネギ,https://www.hyponex.co.jp/plantia/plantia-13738/,REVIEW,発芽後は基本水やり不要で水やり判断がほぼ発生しない,low,high,high,成熟後は水やり支援価値が低い,,,
タマネギ,vegetable,,herbaceous,true,0.35,light,植えつけ後たっぷり／少々乾燥気味に／冬越し後: 土が乾き過ぎないよう毎日,多湿に弱い。冬に長晴天時は昼間の水やりで凍結防止。「浅植え」が基本。,玉ねぎ,https://www.hyponex.co.jp/plantia/plantia-5665/,KEEP,冬越し後の凍結防止水やりなど季節的な判断ポイントがある,medium,high,high,,,,
トマト,vegetable,,herbaceous,true,0.42,moderate,実がなるまで: 控えめ／実がなり始め: 十分に／色づいたら: 控えめ／朝に,「肥料過多より水分過多に注意」。露地は基本降雨任せ、毎日たっぷりは根が浅くなり弱い株に。プランターは底から流れるまで。梅雨は軒下推奨。,,https://www.hyponex.co.jp/plantia/plantia-8231/,KEEP,家庭菜園の代表格、生育ステージ別の水管理が最も語られる野菜の一つ,high,high,high,,,,
ミニトマト,vegetable,,herbaceous,true,0.42,moderate,実がなるまで: 控えめ／実がなり始め: 十分に／色づいたら: やや控えめ／朝に,通常のトマトと同管理。梅雨は軒下推奨。色づき始めたら水控えめで甘さアップ。プランター栽培に向く。,,https://www.hyponex.co.jp/plantia/plantia-14423/,KEEP,ベランダ菜園の入門定番として独立需要が高い,high,high,high,,,,
ホウレンソウ,vegetable,,herbaceous,true,0.42,moderate,発芽まで: 乾燥させない／以降: 表面乾いたら／冬: 控えめ午前中に,冷涼な気候好み、暑さ苦手で秋まき冬採りが基本。酸性土に弱く苦土石灰で中和。生長早く1〜2ヶ月で収穫。,法蓮草,https://www.hyponex.co.jp/plantia/plantia-9258/,KEEP,葉物の代表、プランター栽培でも人気,medium,high,high,,,,
レタス,vegetable,,herbaceous,true,0.45,moderate,土乾いたら／水切れ注意／過湿は根腐れ,十分な水必要だが多湿に弱い。梅雨時は雨よけ推奨。植えつけ時期は春秋。約2〜3ヶ月で収穫。外葉から順次収穫可。,リーフレタス,https://www.hyponex.co.jp/plantia/plantia-10064/,KEEP,葉物の代表、プランター栽培でも人気,medium,high,high,,,,
キャベツ,vegetable,,herbaceous,true,0.45,moderate,発芽まで: たっぷり／以降: 表面乾いたらたっぷり／結球期: 加湿に注意,過湿嫌い、水はけの良い土を好む。結球期に加湿すると球が中心から割れやすい。深く根を張る。,,https://www.hyponex.co.jp/plantia/plantia-6594/,KEEP,家庭菜園の定番,medium,high,high,,,,
ブロッコリー,vegetable,,herbaceous,true,0.45,moderate,植えつけ後1週間: 乾燥させすぎない／以降: 表面乾いたら株元にたっぷり,過湿・湿害に弱い。水はけ良い状態が必須。地植えは畝を高く。冷涼気候（15〜20℃）が生育適温。,,https://www.hyponex.co.jp/plantia/plantia-9102/,KEEP,家庭菜園で人気上昇中、加湿注意という判断ポイントあり,medium,high,high,,,,
ダイコン,vegetable,,herbaceous,true,0.48,moderate,発芽まで: 乾かさない／以降: 表面乾いたらたっぷり／根肥大期: 水切れ厳禁,根肥大時に水不足だと根が破裂する。冷涼気候好み。通気性・保水性・排水性のバランスが良い土が理想。,大根,https://www.hyponex.co.jp/plantia/plantia-13174/,KEEP,家庭菜園の代表格、根肥大期の水切れ厳禁という明確な判断ポイントあり,medium,high,high,,,,
ニンジン,vegetable,,herbaceous,true,0.48,moderate,発芽まで: 乾燥厳禁でこまめに／発芽後: 表面乾いたら,種は極小で発芽まで水分管理が最重要。ジョウロで優しく散水（勢いよいと種流れる）。土をかけすぎ厳禁（日光不足で発芽しない）。,人参,https://www.hyponex.co.jp/plantia/plantia-13544/,KEEP,発芽までの水分管理が特に重要という明確な判断ポイントあり,medium,high,high,,,,
コマツナ,vegetable,,herbaceous,true,0.50,moderate,発芽まで: 乾かさない／以降: 1日1回、夏は朝夕2回,種まきから1ヶ月で収穫可能な速成野菜。関東以西は3〜10月が種まき適期。虫よけに不織布かぶせ推奨。,小松菜,https://www.hyponex.co.jp/plantia/plantia-13794/,KEEP,速成野菜としてプランター栽培の人気が高い,high,high,high,,,,
ピーマン,vegetable,,herbaceous,true,0.50,moderate,植えつけ後1週間: 毎日たっぷり／以降: 表面乾いたらたっぷり／夏: 朝夕2回も,過湿にも弱く根腐れ注意。4〜6月は1〜3日に1回、7〜8月中旬は1〜4日に1〜2回。高温乾燥期の水切れ注意。,,https://www.hyponex.co.jp/plantia/plantia-11292/,KEEP,家庭菜園代表格、過湿・乾燥両方のリスクがある,high,high,high,,,,
パプリカ,vegetable,,herbaceous,true,0.55,moderate,植えつけ直後: 控えめ／株生長後: 表面乾いたらたっぷり／夏は朝夕,水分をたくさん必要とする。水不足で株勢弱まり実つき悪化。ピーマンより繊細で栽培難易度高い。着色まで長期間必要。,,https://www.hyponex.co.jp/plantia/plantia-15007/,KEEP,ピーマンより水を多く必要とし明確な差別化あり,high,high,high,,,,
キュウリ,vegetable,,vine,true,0.68,moderate,5〜6月: 1日1回／7〜9月中旬: 1日1〜2回／夏場は朝夕2回も,根が浅く広く張り過湿・乾燥ともに弱い。水分と肥料多く必要。不足で実が曲がり大きくならない。排水性・通気性重視。,,https://www.hyponex.co.jp/plantia/plantia-10303/,KEEP,家庭菜園代表格、水分要求が非常に高くniwa.log向き,high,high,high,,,,
ナス,vegetable,,herbaceous,true,0.72,heavy,5〜6月: 1日1回／7〜9月中旬: 1日1〜2回／夏朝夕2回／梅雨明け以降は水多いほど良い,「ナスは水で作る」と言われるほど水好み。水不足で株弱り花・実つき悪化。株元にワラ・マルチで乾燥対策。高温多湿に強く育てやすい。,茄子,https://www.hyponex.co.jp/plantia/plantia-13026/,KEEP,ナスは水で作るというほど水管理が重要視される代表野菜,high,high,high,,,,
イチゴ,fruit,,,false,,,,,,,ADD_CANDIDATE,Issue #6本文がgrowth_form例として使用しているにも関わらず未収録。プランター・鉢栽培が標準で根が浅く水切れに敏感、家庭園芸で最も定番の果物の一つ,high,high,unresearched,現在seedに存在しない主要候補,,,
ハイビスカス,flower,,,false,,,,,,,ADD_CANDIDATE,夏の鉢花として圧倒的な流通量。水切れで葉が目に見えてしおれる典型植物で「今日水やる/やらない」判断の教科書的存在,high,high,unresearched,現在seedに存在しない主要候補,,,
ゴーヤ,vegetable,,,false,,,,,ニガウリ,,ADD_CANDIDATE,緑のカーテン文化で夏の代表野菜。水分要求が高くベランダ・プランター需要も高い,high,high,unresearched,現在seedに存在しない主要候補,,,
金のなる木,succulent,,,false,,,,,クラッスラ,,ADD_CANDIDATE,縁起物として家庭保有率が非常に高い定番多肉。現行succulentは分類上の広がりはあるが最もポピュラーな一種が抜けている,,high,unresearched,現在seedに存在しない主要候補,,,
ゴムノキ,foliage,,,false,,,,,フィカス・エラスティカ,,ADD_CANDIDATE,観葉植物の古典的代表格。フィカス属はウンベラータ・ベンジャミナを収録済みだが最も歴史的に定番のエラスティカが抜けている,,high,unresearched,現在seedに存在しない主要候補,,,
